<?xml version="1.0" encoding="UTF-8"?>
<!DOCTYPE device SYSTEM "hpzsclhn.dtd">

<device>
  <software>
    <file_header>
      <file_name>hpc6906l.xml</file_name>
         <file_version>051.2404</file_version>
         <file_timestamp>03/14/2005</file_timestamp>
    </file_header>
    <component>
      <name>Mombi</name>
      <helper>
        <name></name><!--      put a name if we have multiple helpers     -->
        <events><!--      =========================================      --><!--                  DMCInstallTime                     --><!--       called during DMC Install Time (Import)       --><!--      =========================================      -->
          <event>
            <name>DMCInstallTime</name>
            <macro_name>macro_PrintQualityImport</macro_name>
          </event><!--      =========================================      --><!--                  DMCUpgradeTime                     --><!--       called during DMC Upgrade Time (Export)       --><!--      =========================================      -->
          <event>
            <name>DMCUpgradeTime</name>
            <macro_name>macro_PrintQualityExport</macro_name>
          </event>
        </events>
        <features><!--      =========================================      --><!--                      MediaType                      --><!--      =========================================      -->
          <feature>
            <name>MediaType</name>
            <macro_name>macro_MediaType</macro_name>
          </feature><!--      =========================================      --><!--                      Print Quality Group            --><!--      =========================================      -->
          <feature>
            <name>PrintQualityGroup</name>
            <macro_name>macro_PrintQualityGroup</macro_name>
          </feature>
        </features>
        <macros><!--      =========================================      --><!--                      MediaType                      --><!--      =========================================      -->
          <macro>
            <name>macro_MediaType</name>
            <call>macro_PrintQuality</call>
          </macro><!--      =========================================      --><!--                      Print Quality Group            --><!--        Options are as follows                       --><!--        (a) PQGroup_1 - FastRes 1200                 --><!--        (d) PQGroup_2 - 600 dpi                      --><!--                                                     --><!--      Print Quality options have single level        --><!--      association only                               --><!--      =========================================      -->
          <macro>
            <name>macro_PrintQualityGroup</name>
            <switch>
              <name>PrintQualityGroup</name>
              <case>
                <name>PQGroup_1</name>
                <select_option>Resolution.1200dpi</select_option>
                <select_option>FastRes.False</select_option>
                <select_option>PrintQualityGroup.PQGroup_1</select_option>
              </case>
              <case>
                <name>PQGroup_2</name>
                <select_option>Resolution.600dpi</select_option>
                <select_option>FastRes.True</select_option>
                <select_option>PrintQualityGroup.PQGroup_2</select_option>
              </case>
            </switch>
          </macro><!--      =========================================      --><!--         Print Quality Import                        --><!--        Mapping is as follows                        --><!--        (a) Best    - PQGroup_1                      --><!--        (b) Fast    - PQGroup_2                      --><!--                                                     --><!--      Print Quality options have single level        --><!--      association only                               --><!--      =========================================      -->
          <macro>
            <name>macro_PrintQualityImport</name>
            <switch>
              <name>PrintQualityImport</name>
              <case>
                <name>Best</name>
                <map_option>PQGroup_1</map_option>
              </case>
              <case>
                <name>Fast</name>
                <map_option>PQGroup_2</map_option>
              </case>
            </switch>
            <call>macro_PrintQualityGroup</call>
          </macro><!--      =========================================      --><!--         Print Quality Export                        --><!--        Mapping is as follows                        --><!--        (a) Best    - PQGroup_1                      --><!--        (b) Fast    - PQGroup_2                      --><!--                                                     --><!--      Print Quality options have single level        --><!--      association only                               --><!--      =========================================      -->
          <macro>
            <name>macro_PrintQualityExport</name>
            <switch>
              <name>PrintQualityExport</name>
              <case>
                <name>PQGroup_1</name>
                <map_option>Best</map_option>
              </case>
              <case>
                <name>PQGroup_2</name>
                <map_option>Fast</map_option>
              </case>
            </switch>
          </macro>
        </macros>
        <presets>
             <presetenglish>
                <name>Default Print Settings</name> 
                <resource_id>3041</resource_id> 
                <setting>PrintQualityGroup.PQGroup_2</setting> 
            </presetenglish>
            <presetenglish>
                <name>User Guide Print Settings</name> 
                <resource_id>3042</resource_id> 
                <setting>Duplex.True</setting>              
                <setting>FlipPagesUp.True</setting>
                <setting>MediaType.PLAIN</setting> 
                <setting>PrintQualityGroup.PQGroup_1</setting> 
                <setting>NUpChoice.TwoUp</setting> 
                <setting>NupPageOrderChoice.RightThenDown</setting>
            </presetenglish>
        </presets>
      </helper>
    </component>
  </software>
</device>