<?xml version="1.0" encoding="UTF-8"?>
<!DOCTYPE device SYSTEM "hpzsclhn.dtd">

<device>
  <software>
    <file_header>
      <file_name>hpo0410t.xml</file_name>
         <file_version>053.2511</file_version>
         <file_timestamp>08/28/2006</file_timestamp>
    </file_header>
    <component>
      <name>Mombi</name>
      <helper>
        <name/><!--   put a name if we have multiple helpers  -->
        <features><!--   Features are Paper size, Media Type and Print Quality  -->
          <feature>
            <name>PaperSize</name>
            <macro_name>macro_PaperSize</macro_name>
          </feature>
          <feature>
            <name>MediaType</name>
            <macro_name>macro_MediaType</macro_name>
          </feature>
          <feature>
            <name>PrintQualityGroup</name>
            <macro_name>macro_PrintQualityGroup</macro_name>
          </feature>
          <feature>
            <name>CustomSize</name>
            <macro_name>macro_custom_size</macro_name>            
            </feature> 
        </features>
        <macros>
          <macro>
            <name>macro_PaperSize</name>
            <switch>
              <name>PaperSize</name>
              
              <case>
                <name>PHOTO_4X6_IN_WT</name>
                <select_option>MediaType.HP_PREMIUM_PLUS_PHOTO_PAPER_GLOSSY</select_option>
              </case>
             
              <case>
                <name>HP_BORDERLESS_HAGAKI_CARD</name>
                <select_option>MediaType.HP_PREMIUM_PLUS_PHOTO_PAPER_GLOSSY</select_option>
              </case>
              
			  <case>
                <name>HP_BORDERLESS_PHOTO_4X6_IN</name>
                <select_option>MediaType.HP_PREMIUM_PLUS_PHOTO_PAPER_GLOSSY</select_option>
              </case>
              
			  <case>
                <name>HP_BORDERLESS_PHOTO_4_X_6_IN_WT</name>
                <select_option>MediaType.HP_PREMIUM_PLUS_PHOTO_PAPER_GLOSSY</select_option>
              </case>
              
			  <case_default>
                <select_option>MediaType.PLAIN</select_option>
              </case_default>
            
			</switch>
            
			<call>macro_MediaType</call>
          </macro>
          <macro>
            <name>macro_Mediatype_to_PaperSize</name>
            <select_option>PaperSize.LETTER</select_option>
          </macro>
          <macro>
            <name>macro_MediaType</name><!--   =========================================   --><!--   First macro statement                       --><!--   determines which PQ options are             --><!--   displayed for each media type, and          --><!--   select a default PQ option                  --><!--   =========================================   -->
            <switch>
              <name>MediaType</name>
              
              <case>
                <name>PLAIN</name>
                <enable_option>PrintQualityGroup.PQGroup_1</enable_option>
                <enable_option>PrintQualityGroup.PQGroup_2</enable_option>
                <enable_option>PrintQualityGroup.PQGroup_3</enable_option>
                <enable_option>PrintQualityGroup.PQGroup_4</enable_option>
                <enable_option>PrintQualityGroup.PQGroup_5</enable_option>
				<select_option>PrintQualityGroup.PQGroup_2</select_option>
              </case>
              <case>
                <name>HP_BRIGHT_WHITE_INKJET_PAPER</name>
                <enable_option>PrintQualityGroup.PQGroup_1</enable_option>
                <enable_option>PrintQualityGroup.PQGroup_2</enable_option>
                <enable_option>PrintQualityGroup.PQGroup_3</enable_option>
                <enable_option>PrintQualityGroup.PQGroup_4</enable_option>
                <enable_option>PrintQualityGroup.PQGroup_5</enable_option>
                <select_option>PrintQualityGroup.PQGroup_2</select_option>
              </case>
              <case>
                <name>HP_PREM_INKJET_PAPER</name>
                <enable_option>PrintQualityGroup.PQGroup_1</enable_option>
                <enable_option>PrintQualityGroup.PQGroup_2</enable_option>
                <enable_option>PrintQualityGroup.PQGroup_3</enable_option>
                <enable_option>PrintQualityGroup.PQGroup_4</enable_option>
                <enable_option>PrintQualityGroup.PQGroup_5</enable_option>
                <select_option>PrintQualityGroup.PQGroup_2</select_option>
              </case>
              <case>
                <name>OTHER_INKJET_PAPERS</name>
                <enable_option>PrintQualityGroup.PQGroup_1</enable_option>
                <enable_option>PrintQualityGroup.PQGroup_2</enable_option>
                <enable_option>PrintQualityGroup.PQGroup_3</enable_option>
                <enable_option>PrintQualityGroup.PQGroup_4</enable_option>
                <enable_option>PrintQualityGroup.PQGroup_5</enable_option>
                <select_option>PrintQualityGroup.PQGroup_2</select_option>
			  </case>
              <case>
                <name>HP_PREM_PLUS_INKJET_TRANSPARENCY</name>
                <enable_option>PrintQualityGroup.PQGroup_3</enable_option>
                <enable_option>PrintQualityGroup.PQGroup_1</enable_option>
                <enable_option>PrintQualityGroup.PQGroup_2</enable_option>
				<select_option>PrintQualityGroup.PQGroup_2</select_option>
                <enable_option>PrintQualityGroup.PQGroup_4</enable_option>
                <enable_option>PrintQualityGroup.PQGroup_5</enable_option>
              </case>
              <case>
                <name>HP_PREMIUM_INKJET_TRANSPARENCY_FILM</name>
                <enable_option>PrintQualityGroup.PQGroup_3</enable_option>
                <enable_option>PrintQualityGroup.PQGroup_1</enable_option>
                <enable_option>PrintQualityGroup.PQGroup_2</enable_option>
				<select_option>PrintQualityGroup.PQGroup_2</select_option>
                <enable_option>PrintQualityGroup.PQGroup_4</enable_option>
                <enable_option>PrintQualityGroup.PQGroup_5</enable_option>
              </case>
			  <case>
                <name>HP_IRON_ON_TRANSFER</name>
                <enable_option>PrintQualityGroup.PQGroup_3</enable_option>
                <enable_option>PrintQualityGroup.PQGroup_1</enable_option>
                <enable_option>PrintQualityGroup.PQGroup_2</enable_option>
				<select_option>PrintQualityGroup.PQGroup_2</select_option>
                <enable_option>PrintQualityGroup.PQGroup_4</enable_option>
                <enable_option>PrintQualityGroup.PQGroup_5</enable_option>
              </case>
			  <case>
                <name>OTHER_TRANSPARENCY_FILMS</name>
                <enable_option>PrintQualityGroup.PQGroup_3</enable_option>
                <enable_option>PrintQualityGroup.PQGroup_1</enable_option>
                <enable_option>PrintQualityGroup.PQGroup_2</enable_option>
				<select_option>PrintQualityGroup.PQGroup_2</select_option>
                <enable_option>PrintQualityGroup.PQGroup_4</enable_option>
                <enable_option>PrintQualityGroup.PQGroup_5</enable_option>
              </case>
              
              <case>
                <name>HP_PREMIUM_PLUS_PHOTO_PAPER_GLOSSY</name>
                <enable_option>PrintQualityGroup.PQGroup_3</enable_option>
                <enable_option>PrintQualityGroup.PQGroup_2</enable_option>
				<enable_option>PrintQualityGroup.PQGroup_2</enable_option>
                <select_option>PrintQualityGroup.PQGroup_1</select_option>
                <enable_option>PrintQualityGroup.PQGroup_4</enable_option>
                <enable_option>PrintQualityGroup.PQGroup_5</enable_option>
              </case>
              <case>
                <name>HP_PREMIUM_PLUS_PHOTO_PAPER_MATTE</name>
                <enable_option>PrintQualityGroup.PQGroup_3</enable_option>
                <enable_option>PrintQualityGroup.PQGroup_2</enable_option>
				<enable_option>PrintQualityGroup.PQGroup_2</enable_option>
                <select_option>PrintQualityGroup.PQGroup_1</select_option>
                <enable_option>PrintQualityGroup.PQGroup_4</enable_option>
                <enable_option>PrintQualityGroup.PQGroup_5</enable_option>
              </case>
			  
			  <case>
                <name>HP_EVERYDAY_PHOTO_PAPER_MATTE</name>
                <enable_option>PrintQualityGroup.PQGroup_3</enable_option>
                <enable_option>PrintQualityGroup.PQGroup_1</enable_option>
                <enable_option>PrintQualityGroup.PQGroup_2</enable_option>
				<select_option>PrintQualityGroup.PQGroup_2</select_option>
                <enable_option>PrintQualityGroup.PQGroup_4</enable_option>
                <enable_option>PrintQualityGroup.PQGroup_5</enable_option>
              </case>
              
			  <case>
                <name>HP_PREMIUM_HIGH_GLOSS_FILM</name>
                <enable_option>PrintQualityGroup.PQGroup_3</enable_option>
                <enable_option>PrintQualityGroup.PQGroup_2</enable_option>
                <enable_option>PrintQualityGroup.PQGroup_1</enable_option>
				<select_option>PrintQualityGroup.PQGroup_1</select_option>
                <enable_option>PrintQualityGroup.PQGroup_4</enable_option>
                <enable_option>PrintQualityGroup.PQGroup_5</enable_option>
              </case>
              <case>
                <name>HP_COLORFAST_PHOTO_PAPER_GLOSSY</name>
                <enable_option>PrintQualityGroup.PQGroup_3</enable_option>
                <enable_option>PrintQualityGroup.PQGroup_2</enable_option>
                <enable_option>PrintQualityGroup.PQGroup_1</enable_option>
				<select_option>PrintQualityGroup.PQGroup_1</select_option>
                <enable_option>PrintQualityGroup.PQGroup_4</enable_option>
                <enable_option>PrintQualityGroup.PQGroup_5</enable_option>
              </case>
              <case>
                <name>HP_PREMIUM_PHOTO_PAPER_GLOSSY	</name>
                <enable_option>PrintQualityGroup.PQGroup_3</enable_option>
                <enable_option>PrintQualityGroup.PQGroup_2</enable_option>
                <enable_option>PrintQualityGroup.PQGroup_1</enable_option>
				<select_option>PrintQualityGroup.PQGroup_1</select_option>
                <enable_option>PrintQualityGroup.PQGroup_4</enable_option>
                <enable_option>PrintQualityGroup.PQGroup_5</enable_option>
              </case>
			  <case>
                <name>HP_PHOTO_PAPER_GLOSSY	</name>
                <enable_option>PrintQualityGroup.PQGroup_3</enable_option>
                <enable_option>PrintQualityGroup.PQGroup_2</enable_option>
                <enable_option>PrintQualityGroup.PQGroup_1</enable_option>
				<select_option>PrintQualityGroup.PQGroup_1</select_option>
                <enable_option>PrintQualityGroup.PQGroup_4</enable_option>
                <enable_option>PrintQualityGroup.PQGroup_5</enable_option>
              </case>
			  <case>
                <name>OTHER_PHOTO_PAPER</name>
                <enable_option>PrintQualityGroup.PQGroup_3</enable_option>
                <enable_option>PrintQualityGroup.PQGroup_2</enable_option>
                <enable_option>PrintQualityGroup.PQGroup_1</enable_option>
				<select_option>PrintQualityGroup.PQGroup_1</select_option>
                <enable_option>PrintQualityGroup.PQGroup_4</enable_option>
                <enable_option>PrintQualityGroup.PQGroup_5</enable_option>
              </case>
              <case>
                <name>HP_BROCHURE_AND_FLYER_GLOSSY</name>
                <enable_option>PrintQualityGroup.PQGroup_3</enable_option>
                <enable_option>PrintQualityGroup.PQGroup_2</enable_option>
                <enable_option>PrintQualityGroup.PQGroup_1</enable_option>
				<select_option>PrintQualityGroup.PQGroup_2</select_option>
                <enable_option>PrintQualityGroup.PQGroup_4</enable_option>
                <enable_option>PrintQualityGroup.PQGroup_5</enable_option>
              </case>
             
			  <case>
                <name>HP_BROCHURE_AND_FLYER_MATTE</name>
                <enable_option>PrintQualityGroup.PQGroup_3</enable_option>
                <enable_option>PrintQualityGroup.PQGroup_2</enable_option>
                <enable_option>PrintQualityGroup.PQGroup_1</enable_option>
				<select_option>PrintQualityGroup.PQGroup_2</select_option>
                <enable_option>PrintQualityGroup.PQGroup_4</enable_option>
                <enable_option>PrintQualityGroup.PQGroup_5</enable_option>
              </case>
			  
			                
              <case>
                <name>HP_TEXTURED_GREETING_CARDS</name>
                <enable_option>PrintQualityGroup.PQGroup_3</enable_option>
                <enable_option>PrintQualityGroup.PQGroup_1</enable_option>
                <enable_option>PrintQualityGroup.PQGroup_2</enable_option>
				<select_option>PrintQualityGroup.PQGroup_2</select_option>
                <enable_option>PrintQualityGroup.PQGroup_4</enable_option>
                <enable_option>PrintQualityGroup.PQGroup_5</enable_option>
              </case>
              
			  <case>
                <name>HP_LINEN_GREETING_CARDS</name>
                <enable_option>PrintQualityGroup.PQGroup_3</enable_option>
                <enable_option>PrintQualityGroup.PQGroup_1</enable_option>
                <enable_option>PrintQualityGroup.PQGroup_2</enable_option>
				<select_option>PrintQualityGroup.PQGroup_2</select_option>
                <enable_option>PrintQualityGroup.PQGroup_4</enable_option>
                <enable_option>PrintQualityGroup.PQGroup_5</enable_option>
              </case>
              
			  <case>
                <name>HP_PHOTO_GREETING_CARDS</name>
                <enable_option>PrintQualityGroup.PQGroup_3</enable_option>
                <enable_option>PrintQualityGroup.PQGroup_1</enable_option>
                <enable_option>PrintQualityGroup.PQGroup_2</enable_option>
				<select_option>PrintQualityGroup.PQGroup_1</select_option>
                <enable_option>PrintQualityGroup.PQGroup_4</enable_option>
                <enable_option>PrintQualityGroup.PQGroup_5</enable_option>
              </case>
			  
			  <case>
                <name>HP_MATTE_GREETING_CARDS</name>
                <enable_option>PrintQualityGroup.PQGroup_3</enable_option>
                <enable_option>PrintQualityGroup.PQGroup_1</enable_option>
                <enable_option>PrintQualityGroup.PQGroup_2</enable_option>
				<select_option>PrintQualityGroup.PQGroup_2</select_option>
                <enable_option>PrintQualityGroup.PQGroup_4</enable_option>
                <enable_option>PrintQualityGroup.PQGroup_5</enable_option>
              </case>
			  
			  <case>
                <name>OTHER_GREETING_CARDS</name>
                <enable_option>PrintQualityGroup.PQGroup_3</enable_option>
                <enable_option>PrintQualityGroup.PQGroup_1</enable_option>
                <enable_option>PrintQualityGroup.PQGroup_2</enable_option>
				<select_option>PrintQualityGroup.PQGroup_2</select_option>
                <enable_option>PrintQualityGroup.PQGroup_4</enable_option>
                <enable_option>PrintQualityGroup.PQGroup_5</enable_option>
              </case>
              
              
              <case>
                <name>HP_TRIFOLD_BROCHURE_PAPER_GLOSSY</name>
                 <enable_option>PrintQualityGroup.PQGroup_3</enable_option>
                <enable_option>PrintQualityGroup.PQGroup_1</enable_option>
                <enable_option>PrintQualityGroup.PQGroup_2</enable_option>
				<select_option>PrintQualityGroup.PQGroup_2</select_option>
                <enable_option>PrintQualityGroup.PQGroup_4</enable_option>
                <enable_option>PrintQualityGroup.PQGroup_5</enable_option>
              </case>
              
			  <case>
                <name>OTHER_BROCHURE_PAPERS</name>
                <enable_option>PrintQualityGroup.PQGroup_3</enable_option>
                <enable_option>PrintQualityGroup.PQGroup_1</enable_option>
                <enable_option>PrintQualityGroup.PQGroup_2</enable_option>
				<select_option>PrintQualityGroup.PQGroup_2</select_option>
                <enable_option>PrintQualityGroup.PQGroup_4</enable_option>
                <enable_option>PrintQualityGroup.PQGroup_5</enable_option>
              </case>
              
              <case>
                <name>OTHER_SPECIALTY_PAPERS</name>
                <enable_option>PrintQualityGroup.PQGroup_3</enable_option>
                <enable_option>PrintQualityGroup.PQGroup_1</enable_option>
                <enable_option>PrintQualityGroup.PQGroup_2</enable_option>
				<select_option>PrintQualityGroup.PQGroup_2</select_option>
                <enable_option>PrintQualityGroup.PQGroup_4</enable_option>
                <enable_option>PrintQualityGroup.PQGroup_5</enable_option>
              </case>
              
			  <case_default>
                <enable_option>PrintQualityGroup.PQGroup_3</enable_option>
                <enable_option>PrintQualityGroup.PQGroup_1</enable_option>
                <enable_option>PrintQualityGroup.PQGroup_2</enable_option>
				<select_option>PrintQualityGroup.PQGroup_2</select_option>
                <enable_option>PrintQualityGroup.PQGroup_4</enable_option>
                <enable_option>PrintQualityGroup.PQGroup_5</enable_option>
              </case_default>
            </switch><!--   =========================================   -->
            <!--   Second macro statement                      -->
            <!--   invokes the Print Quality macro             -->
            <!--   to make selections to Resolution etc        -->
            <!--   =========================================   -->
            <call>macro_PrintQualityGroup</call>
          </macro><!--   =========================================   --><!--                   Print Quality               --><!--                                               --><!--   Print Quality macro can be invoked either   --><!--   1. by the Media Type macro, or              --><!--   2. when the user explicitly selects a PQ    --><!--      setting from the Print Quality control   --><!--   =========================================   -->
          <macro>
            <name>macro_PrintQualityGroup</name>
            <switch>
              <name>PrintQualityGroup</name>
              <case>
                <name>PQGroup_1</name>
                <select_option>Resolution.600dpi</select_option>
                <select_option>PrintQuality.Best</select_option>
                <resource_id>3996</resource_id>
                <resource_id>3996</resource_id>
                <resource_id>1008</resource_id>
              </case>
              <case>
                <name>PQGroup_2</name>
                <select_option>Resolution.600dpi</select_option>
                <select_option>PrintQuality.Normal</select_option>
                <resource_id>3996</resource_id>
                <resource_id>3996</resource_id>
                <resource_id>968</resource_id>
              </case>
              <case>
                <name>PQGroup_3</name>
                <select_option>Resolution.300dpi</select_option>
                <select_option>PrintQuality.FastDraft</select_option>
                <resource_id>3995</resource_id>
                <resource_id>3995</resource_id>
                <resource_id>968</resource_id>
              </case>
              <case>
                <name>PQGroup_4</name>
                <select_option>Resolution.300dpi</select_option>
                <select_option>PrintQuality.FastNormal</select_option>
                <resource_id>3995</resource_id>
                <resource_id>3995</resource_id>
                <resource_id>968</resource_id>
              </case>
              <case>
                <name>PQGroup_5</name>
                <select_option>Resolution.1200dpi</select_option>
                <select_option>PrintQuality.4800x1200</select_option>
                <resource_id>3997</resource_id>
                <resource_id>3997</resource_id>
                <resource_id>3434</resource_id>
              </case>
            </switch>
          </macro><!--   =========================================   --><!--   The following are sub-routines of the       --><!--   Print Quality macro.  They are not          --><!--   invoked directly by an action on a UI       --><!--   control                                     --><!--   =========================================   -->
          
          <macro>
            <name>macro_PrintQualityImport</name>
            <switch>
              <name>PrintQualityImport</name>
              <case>
                <name>Best</name>
                <map_option>PQGroup_1</map_option>
              </case>
              <case>
                <name>Normal</name>
                <map_option>PQGroup_2</map_option>
              </case>
              <case>
                <name>FastDraft</name>
                <map_option>PQGroup_3</map_option>
              </case>
               
			   <case>
                <name>FastNormal</name>
                <map_option>PQGroup_4</map_option>
              </case>

			  <case>
                <name>4800x1200</name>
                <map_option>PQGroup_5</map_option>
              </case>
			
			</switch>
            <call>macro_PrintQualityGroup</call>
          </macro><!--   =========================================   --><!--      Print Quality Export                     --><!--     Mapping is as follows                     --><!--     (a) Best    - PQGroup_1                   --><!--     (b) Normal  - PQGroup_2                   --><!--     (c) Fast    - PQGroup_3                   --><!--                                               --><!--   Print Quality options have single level     --><!--   association only                            --><!--   =========================================   -->
          <macro>
            <name>macro_PrintQualityExport</name>
            <switch>
              <name>PrintQualityExport</name>
             
			  <case>
                <name>PQGroup_1</name>
                <unmap_option>Best</unmap_option>
              </case>
             
			  <case>
                <name>PQGroup_2</name>
                <unmap_option>Normal</unmap_option>
              </case>
             
			  <case>
                <name>PQGroup_3</name>
                <unmap_option>FastDraft</unmap_option>
              </case>
             
			  <case>
                <name>PQGroup_4</name>
                <map_option>FastNormal</map_option>
              </case>

			  <case>
                <name>PQGroup_5</name>
                <map_option>4800x1200</map_option>
              </case>
			  
			</switch>
         
		  </macro>
              
              
              
              
              
              
              
              
                <macro>
                    <name>macro_pop_up_4800_1200_warning</name>
                    <title>3356</title>
                    <string_id>4657</string_id>
                    <butt1>849</butt1>
                    <message_type>MB_OK</message_type>
                    <showpopup>MSG_BOX</showpopup>
                </macro>
        
              
              
              
              <macro>
                <name>macro_pop_up_CustomPaper</name>
                <title>876</title> 
                <icon>MB_ICONWARNING</icon>
                <string_id>4254</string_id>    
                <message_type>MB_OK</message_type>                                     
                <showpopup>MSG_BOX</showpopup>                     
              </macro>
		           
              <macro>
                <name>macro_custom_size</name>
                <option_name>min_width.76200</option_name>
                <option_name>max_width.215900</option_name>
                <option_name>min_length.127000</option_name>
                <option_name>max_length.355600</option_name>
              </macro>
		       
		  </macros>
        
		<presets>
           
		   <presetenglish>
             <name>Default Print Settings</name> 
             <resource_id>3041</resource_id> 
             <setting>PrintQualityGroup.PQGroup_2</setting> 
          </presetenglish>
          
		  <presetenglish>
            <name>User Guide Print Settings</name> 
            <resource_id>3042</resource_id> 
            <setting>HPPrintOnBothSidesManually.True</setting>              
            <setting>Duplex.True</setting>                   
			<setting>FlipPagesUp.True</setting>
            <setting>MediaType.PLAIN</setting> 
            <setting>PrintQualityGroup.PQGroup_2</setting> 
            <setting>NUpChoice.TwoUp</setting> 
            <setting>NupPageOrderChoice.RightThenDown</setting>
          </presetenglish>
         
         </presets>
        <groups>
          <group>
            <groupname>PaperType</groupname>
            <resource_id>3152</resource_id>
             <name>PLAIN</name>
             <name>HP_BANNER_PAPER</name>
            <subgroup>
              <subgroupname>Inkjet Papers</subgroupname>
              <resource_id>3120</resource_id>
              <name>HP_BRIGHT_WHITE_INKJET_PAPER</name>
              <name>HP_PREM_INKJET_PAPER</name>
              <name>OTHER_INKJET_PAPERS</name>
              </subgroup>
             <subgroup>
              <subgroupname>Photo Papers</subgroupname>
              <resource_id>3121</resource_id>
              <name>HP_PREMIUM_PLUS_PHOTO_PAPER_GLOSSY</name>
              <name>HP_PREMIUM_PLUS_PHOTO_PAPER_MATTE</name>
              <name>HP_COLORFAST_PHOTO_PAPER_GLOSSY</name>
              <name>HP_PREMIUM_PHOTO_PAPER_GLOSSY</name>
              <name>HP_PHOTO_PAPER_GLOSSY</name>
              <name>HP_EVERYDAY_PHOTO_PAPER_SEMI_GLOSS</name>
              <name>HP_EVERYDAY_PHOTO_PAPER_MATTE</name>
              <name>OTHER_PHOTO_PAPER</name>         
            </subgroup>
            <subgroup>
              <subgroupname>Transparency Films</subgroupname>
              <resource_id>3122</resource_id>
              <name>HP_PREM_PLUS_INKJET_TRANSPARENCY</name>
              <name>HP_PREMIUM_INKJET_TRANSPARENCY_FILM</name>
              <name>OTHER_TRANSPARENCY_FILMS</name>
            </subgroup>
            
            <subgroup>
              <subgroupname>Specialty Paper</subgroupname>
              <resource_id>3123</resource_id>
              <name>HP_IRON_ON_TRANSFER</name>              
              <name>OTHER_SPECIALTY_PAPERS</name>
            </subgroup>
            
            <subgroup>
              <subgroupname>Greeting Cards</subgroupname>
              <resource_id>3124</resource_id>                 
              <name>HP_MATTE_GREETING_CARDS</name>
              <name>HP_PHOTO_GREETING_CARDS</name>
              <name>HP_TEXTURED_GREETING_CARDS</name>
              <name>HP_LINEN_GREETING_CARDS</name>
              <name>OTHER_GREETING_CARDS</name>              
           </subgroup>
            
            <subgroup>
              <subgroupname>Brochure Papers</subgroupname>
              <resource_id>3125</resource_id>
              <name>HP_BROCHURE_AND_FLYER_GLOSSY</name>
              <name>HP_BROCHURE_AND_FLYER_MATTE</name>
              <name>HP_TRIFOLD_BROCHURE_PAPER_GLOSSY</name>            
              <name>OTHER_BROCHURE_PAPERS</name>            
            </subgroup>
           </group>
        </groups>
        
  

        <BorderlessSettings>
         <Borderless>
               <Borderless_Paper>HP_BORDERLESS_HAGAKI_CARD</Borderless_Paper>
               <Paper>LETTER</Paper>
               <Overspray_Left>0.098</Overspray_Left>
               <Overspray_Right>0.118</Overspray_Right>
			   <Overspray_Top>0.051</Overspray_Top>
			   <Overspray_Bottom>0.093</Overspray_Bottom>

         </Borderless>
         
         <Borderless>
               <Borderless_Paper>HP_BORDERLESS_PHOTO_4X6_IN</Borderless_Paper>
               <Paper>LETTER</Paper>
               <Overspray_Left>0.098</Overspray_Left>
               <Overspray_Right>0.118</Overspray_Right>
			   <Overspray_Top>0.051</Overspray_Top>
			   <Overspray_Bottom>0.118</Overspray_Bottom>

         </Borderless>

		 <Borderless>
               <Borderless_Paper>HP_BORDERLESS_PHOTO_4_X_6_IN_WT</Borderless_Paper>
               <Paper>PHOTO_4X6_IN_WT</Paper>
               <Overspray_Left>0.098</Overspray_Left>
               <Overspray_Right>0.118</Overspray_Right>
			   <Overspray_Top>0.051</Overspray_Top>
			   <Overspray_Bottom>0.093</Overspray_Bottom>

         </Borderless>

       </BorderlessSettings>
      </helper>
    </component>
  </software>
</device>