<?xml version="1.0" encoding="UTF-8"?>
<!DOCTYPE device SYSTEM "hpzsclhn.dtd">
<device>
   <software>
      <file_header>
         <file_name>hpo4105t.xml</file_name>
         <file_version>051.2410</file_version>
         <file_timestamp>02/01/2005</file_timestamp>
      </file_header>
      <component>
         <name>Mombi</name>
         <helper>
            <name></name>
            <events><!--    =========================================    --><!--                DMCInstallTime                   --><!--     called during DMC Install Time (Import)     --><!--    =========================================    -->
          <event>
            <name>DMCInstallTime</name>
            <macro_name>macro_PrintQualityImport</macro_name>
          </event><!--    =========================================    --><!--                DMCUpgradeTime                   --><!--     called during DMC Upgrade Time (Export)     --><!--    =========================================    -->
          <event>
            <name>DMCUpgradeTime</name>
            <macro_name>macro_PrintQualityExport</macro_name>
          </event>
        </events>
        
            <!-- put a name if we have multiple helpers-->
            <features>
            <!-- ========================================= -->
            <!--     Emulate LaserJet Margins              -->
            <!-- ========================================= -->
                <feature>
                <name>HP_Emulate_Margins</name>
                <switch>
                <name>Paper_Dimensions</name>
                <case_default>
                      <data>200_200_200_200</data>
               </case_default>
               </switch>
               </feature>
            <!--  Features are Paper size, Media Type and Print Quality -->
             <!-- =========================================== -->
             <!--                  Paper Size                 -->
             <!-- =========================================== -->
             <feature>
                 <name>PaperSize</name>
                 <macro_name>macro_PaperSize</macro_name>
             </feature>
               <!-- ========================================= -->
               <!--                 MediaType                 -->
               <!-- ========================================= -->
               <feature>
                  <name>MediaType</name>
                  <macro_name>macro_MediaType</macro_name>
               </feature>
               <!-- ========================================= -->
               <!--           Print Quality Group             -->
               <!--   Options are as follows                  -->
               <!--   (a) PQGroup_1 - Best                    -->
               <!--   (b) PQGroup_2 - Normal                  -->
               <!--   (c) PQGroup_3 - FastDraft                    -->
               
               <!--   (e) PQGroup_5 - 4800x1200             -->
               <!-- ========================================= -->
               <feature>
                  <name>PrintQualityGroup</name>
                  <macro_name>macro_PrintQualityGroup</macro_name>
               </feature>
              <feature>
                <name>CustomSize</name>
                <macro_name>macro_custom_size</macro_name>            
              </feature> 
               <!--                                             -->
               <!--            ICM Profile FileName macro       -->
               <!-- ========================================= -->
              <feature>
                 <name>ICCProfileFileName</name>
                 <macro_name>macro_ICCProfileFileName</macro_name>
             </feature>
             <feature>
                 <name>InstalledPenSet_Premium</name>
                 <macro_name>macro_InstalledPenSet_Premium</macro_name>
             </feature>
             <feature>
                 <name>InstalledPenSet_PremiumHighGloss</name>
                 <macro_name>macro_InstalledPenSet_PremiumHighGloss</macro_name>
             </feature>
             <feature>
                 <name>InstalledPenSet_PremiumPlusPhoto</name>
                 <macro_name>macro_InstalledPenSet_PremiumPlusPhoto</macro_name>
             </feature>       
            </features>
            <macros>
            <macro>
            <name>macro_pop_up_Missing_Duplexer</name>
              <title>4319</title>                   
              <string_id>4320</string_id>    
              <butt1>4330</butt1>
              <butt2>4342</butt2>                                                  
              <showpopup>MODAL_DLG</showpopup>                     
            </macro>
            <macro>
            <name>macro_pop_up_Photo_BlackOnly</name>
              <title>4326</title>                   
              <string_id>4327</string_id>    
              <butt1>4330</butt1>
              <butt2>4342</butt2>                                                  
              <showpopup>MODAL_DLG</showpopup>                     
            </macro>
            <macro>
            <name>macro_pop_up_LargeMedia_PhotoTray</name>
              <title>4321</title>                   
              <string_id>4323</string_id>    
              <butt1>4330</butt1>
              <butt2>4342</butt2>                                                  
              <showpopup>MODAL_DLG</showpopup>                     
            </macro>
            <macro>
            <name>macro_pop_up_Duplex_PhotoTray</name>
              <title>4321</title>                   
              <string_id>4322</string_id>    
              <butt1>4330</butt1>                                                             
              <showpopup>MODAL_DLG</showpopup>                     
            </macro>
            <macro>
            <name>macro_pop_up_Black_PhotoCartridge</name>
              <title>4324</title>                   
              <string_id>4325</string_id>    
              <butt1>4330</butt1>
              <butt2>4342</butt2>                                                  
              <showpopup>MODAL_DLG</showpopup>                     
            </macro>
<!-- ====================    NonHP INK    ========================= -->
            <macro>
            <name>macro_pop_up_Color_NonHP_Ink</name>
              <title>4732</title>                   
              <string_id>4740</string_id>    
              <butt1>849</butt1>
              <showpopup>MODAL_DLG</showpopup>                     
            </macro>
            <macro>
            <name>macro_pop_up_Black_NonHP_Ink</name>
              <title>4733</title>                   
              <string_id>4740</string_id>    
              <butt1>849</butt1>
              <showpopup>MODAL_DLG</showpopup>                     
            </macro>
            <macro>
            <name>macro_pop_up_Photo_NonHP_Ink</name>
              <title>4734</title>                   
              <string_id>4740</string_id>    
              <butt1>849</butt1>
              <showpopup>MODAL_DLG</showpopup>                     
            </macro>
            <macro>
            <name>macro_pop_up_Gray_NonHP_Ink</name>
              <title>4735</title>                   
              <string_id>4740</string_id>    
              <butt1>849</butt1>
              <showpopup>MODAL_DLG</showpopup>                     
            </macro>
<!--===========    NonHP Cartridge    ====================== -->
            <macro>       
            <name>macro_pop_up_Color_NonHP_Cartridge</name>
              <title>4736</title>                   
              <string_id>4740</string_id>    
              <butt1>849</butt1>
              <showpopup>MODAL_DLG</showpopup>                     
            </macro>
            <macro>
            <name>macro_pop_up_Black_NonHP_Cartridge</name>
              <title>4737</title>                   
              <string_id>4740</string_id>    
              <butt1>849</butt1>
              <showpopup>MODAL_DLG</showpopup>                     
            </macro>
            <macro>
            <name>macro_pop_up_Photo_NonHP_Cartridge</name>
              <title>4738</title>                   
              <string_id>4740</string_id>    
              <butt1>849</butt1>
              <showpopup>MODAL_DLG</showpopup>                     
            </macro>
            <macro>
            <name>macro_pop_up_Gray_NonHP_Cartridge</name>
              <title>4739</title>                   
              <string_id>4740</string_id>    
              <butt1>849</butt1>
              <showpopup>MODAL_DLG</showpopup>                     
            </macro>
<!--===============    Used Cartridge  ========================= -->      
            <macro>
            <name>macro_pop_up_Color_Used_Cartridge</name>
              <title>4741</title>                   
              <string_id>4745</string_id>    
              <butt1>849</butt1>
              <showpopup>MODAL_DLG</showpopup>                     
            </macro>
            <macro>
            <name>macro_pop_up_Black_Used_Cartridge</name>
              <title>4742</title>                   
              <string_id>4745</string_id>    
              <butt1>849</butt1>
              <showpopup>MODAL_DLG</showpopup>                     
            </macro>
            <macro>
            <name>macro_pop_up_Photo_Used_Cartridge</name>
              <title>4743</title>                   
              <string_id>4745</string_id>    
              <butt1>849</butt1>
              <showpopup>MODAL_DLG</showpopup>                     
            </macro>
            <macro>
            <name>macro_pop_up_Gray_Used_Cartridge</name>
              <title>4744</title>                   
              <string_id>4745</string_id>    
              <butt1>849</butt1>
              <showpopup>MODAL_DLG</showpopup>                     
            </macro>
<!--=================   End OF Smart JobUI   ============================= -->
            <macro>
            <name>macro_pop_up_Borderless_BlkCartridge</name>
              <title>4328</title>                   
              <string_id>4329</string_id>    
              <butt1>849</butt1>                                                                
              <showpopup>MODAL_DLG</showpopup>                     
            </macro>
            <macro>
            <name>macro_PaperSize</name>
            <switch>
              <name>PaperSize</name>
               
               <case>
                  <name>PHOTO_2L</name>
                  <select_option>MediaType.HP_PREMIUM_PLUS_PHOTO_PAPER_GLOSSY</select_option>
               </case>
               <case>
                  <name>PHOTO_2L_WT</name>
                  <select_option>MediaType.HP_PREMIUM_PLUS_PHOTO_PAPER_GLOSSY</select_option>
               </case>
               <case>
                  <name>PHOTO_4X6_IN</name>
                  <select_option>MediaType.HP_PREMIUM_PLUS_PHOTO_PAPER_GLOSSY</select_option>
               </case>
               <case>
                  <name>PHOTO_4X6_IN_WT</name>
                  <select_option>MediaType.HP_PREMIUM_PLUS_PHOTO_PAPER_GLOSSY</select_option>
               </case>
               <case>
                  <name>PHOTO_5X7_IN</name>
                  <select_option>MediaType.HP_PREMIUM_PLUS_PHOTO_PAPER_GLOSSY</select_option>
               </case>
                
			   <case>
                  <name>PHOTO_L</name>
                  <select_option>MediaType.HP_PREMIUM_PLUS_PHOTO_PAPER_GLOSSY</select_option>
               </case>
               <case>
                  <name>PHOTO_L_WT</name>
                  <select_option>MediaType.HP_PREMIUM_PLUS_PHOTO_PAPER_GLOSSY</select_option>
               </case>	             
               <case>
                  <name>HP_BORDERLESS_HAGAKI_CARD</name>
                  <select_option>MediaType.HP_PREMIUM_PLUS_PHOTO_PAPER_GLOSSY</select_option>
               </case>
               <case>
                  <name>HP_BORDERLESS_PHOTO_4X6_IN</name>
                  <select_option>MediaType.HP_PREMIUM_PLUS_PHOTO_PAPER_GLOSSY</select_option>
               </case>
               <case>
                  <name>HP_BORDERLESS_PHOTO_4X6_IN_WT</name>
                  <select_option>MediaType.HP_PREMIUM_PLUS_PHOTO_PAPER_GLOSSY</select_option>
               </case>
			   <case_default>
                 <select_option>MediaType.PLAIN</select_option>
               </case_default>
               
            </switch>
              <call>macro_MediaType</call>
          </macro>
          <macro>
            <name>macro_Mediatype_to_PaperSize</name>
                 <select_option>PaperSize.LETTER</select_option>
          </macro>
          <macro>
            <name>macro_custom_paper_size</name>
            <select_option>MediaType.PLAIN</select_option>
          </macro>
               <!-- ========================================= -->
               <!--                 MediaType                 -->
               <!-- ========================================= -->
           <macro>
              <name>macro_MediaType</name>
              <!-- ========================================= -->
              <!-- First macro statement                     -->
              <!-- determines which PQ options are           -->
              <!-- displayed for each media type, and        -->
              <!-- select a default PQ option                -->
              <!-- ========================================= -->
          <switch>
            <name>MediaType</name>
              
              <case>
                <name>PLAIN</name>
                <enable_option>PrintQualityGroup.PQGroup_1</enable_option>
                <enable_option>PrintQualityGroup.PQGroup_2</enable_option>
                <enable_option>PrintQualityGroup.PQGroup_3</enable_option>
                
                <enable_option>PrintQualityGroup.PQGroup_5</enable_option>
                <select_option>PrintQualityGroup.PQGroup_2</select_option>
                
              </case>
              
              <case>
                <name>HP_BRIGHT_WHITE_INKJET_PAPER</name>
                <enable_option>PrintQualityGroup.PQGroup_1</enable_option>
                <enable_option>PrintQualityGroup.PQGroup_2</enable_option>
                <enable_option>PrintQualityGroup.PQGroup_3</enable_option>
                

                <enable_option>PrintQualityGroup.PQGroup_5</enable_option>
                <select_option>PrintQualityGroup.PQGroup_2</select_option>
                
              </case>
              
              
              <case>
                <name>HP_PREMIUM_PLUS_PHOTO_PAPER_GLOSSY</name>
                <enable_option>PrintQualityGroup.PQGroup_1</enable_option>
                <enable_option>PrintQualityGroup.PQGroup_2</enable_option>
                <enable_option>PrintQualityGroup.PQGroup_3</enable_option>
                
                <enable_option>PrintQualityGroup.PQGroup_5</enable_option>
                <select_option>PrintQualityGroup.PQGroup_1</select_option>
              </case>
              
              <case>
                <name>HP_PREMIUM_PLUS_PHOTO_PAPER_MATTE</name>
                <enable_option>PrintQualityGroup.PQGroup_1</enable_option>
                <enable_option>PrintQualityGroup.PQGroup_2</enable_option>
                <enable_option>PrintQualityGroup.PQGroup_3</enable_option>
                
                <enable_option>PrintQualityGroup.PQGroup_5</enable_option>
                <select_option>PrintQualityGroup.PQGroup_1</select_option>
              </case>
			  
			  <case>
                <name>HP_PREMIUM_PHOTO_PAPER_GLOSSY</name>
                <enable_option>PrintQualityGroup.PQGroup_1</enable_option>
                <enable_option>PrintQualityGroup.PQGroup_2</enable_option>
                <enable_option>PrintQualityGroup.PQGroup_3</enable_option>
                
                <enable_option>PrintQualityGroup.PQGroup_5</enable_option>
                <select_option>PrintQualityGroup.PQGroup_1</select_option>
              </case>
              
			  <case>
                <name>HP_PHOTO_PAPER_GLOSSY</name>
                <enable_option>PrintQualityGroup.PQGroup_1</enable_option>
                <enable_option>PrintQualityGroup.PQGroup_2</enable_option>
                <enable_option>PrintQualityGroup.PQGroup_3</enable_option>
                
                <enable_option>PrintQualityGroup.PQGroup_5</enable_option>
                <select_option>PrintQualityGroup.PQGroup_1</select_option>
              </case>
              
              <case>
                <name>HP_PREMIUM_HIGH_GLOSS_FILM</name>
                <enable_option>PrintQualityGroup.PQGroup_1</enable_option>
                <enable_option>PrintQualityGroup.PQGroup_2</enable_option>
                <enable_option>PrintQualityGroup.PQGroup_3</enable_option>
                
                <enable_option>PrintQualityGroup.PQGroup_5</enable_option>
                <select_option>PrintQualityGroup.PQGroup_1</select_option>
              </case>
              
              <case>
                <name>OTHER_PHOTO_PAPER</name>
                <enable_option>PrintQualityGroup.PQGroup_1</enable_option>
                <enable_option>PrintQualityGroup.PQGroup_2</enable_option>
                <enable_option>PrintQualityGroup.PQGroup_3</enable_option>
               
                <enable_option>PrintQualityGroup.PQGroup_5</enable_option>
                <select_option>PrintQualityGroup.PQGroup_1</select_option>
              </case>
              
              <case>
                <name>TRANSPARENCY</name>
                <enable_option>PrintQualityGroup.PQGroup_1</enable_option>
                <enable_option>PrintQualityGroup.PQGroup_2</enable_option>
                <enable_option>PrintQualityGroup.PQGroup_3</enable_option>
                
                <enable_option>PrintQualityGroup.PQGroup_5</enable_option>
                <select_option>PrintQualityGroup.PQGroup_2</select_option>
              </case>
              <case>
                <name>HP_PHOTO_GREETING_CARDS</name>
                <enable_option>PrintQualityGroup.PQGroup_1</enable_option>
                <enable_option>PrintQualityGroup.PQGroup_2</enable_option>
                <enable_option>PrintQualityGroup.PQGroup_3</enable_option>
                
                <enable_option>PrintQualityGroup.PQGroup_5</enable_option>
                <select_option>PrintQualityGroup.PQGroup_1</select_option>
              </case>
              
              <case>
                <name>HP_PREMIUM_INKJET_TRANSPARENCY_FILM</name>
                <enable_option>PrintQualityGroup.PQGroup_1</enable_option>
                <enable_option>PrintQualityGroup.PQGroup_2</enable_option>
                <enable_option>PrintQualityGroup.PQGroup_3</enable_option>
                <enable_option>PrintQualityGroup.PQGroup_4</enable_option>
                <enable_option>PrintQualityGroup.PQGroup_5</enable_option>
                <select_option>PrintQualityGroup.PQGroup_2</select_option>
              </case>
              
              
              
                
             <case_default>
                <enable_option>PrintQualityGroup.PQGroup_1</enable_option>
                <enable_option>PrintQualityGroup.PQGroup_2</enable_option>
                <enable_option>PrintQualityGroup.PQGroup_3</enable_option>
               
                <enable_option>PrintQualityGroup.PQGroup_5</enable_option>
                <select_option>PrintQualityGroup.PQGroup_2</select_option>
             </case_default>
                  </switch>
                  <!-- ========================================= -->
                  <!-- Second macro statement                    -->
                  <!-- invokes the Print Quality macro           -->
                  <!-- to make selections to Resolution etc      -->
                  <!-- ========================================= -->
                  <call>macro_PrintQualityGroup</call>
               </macro>
               <!-- ========================================= -->
               <!--                 Print Quality             -->
               <!--                                           -->
               <!-- Print Quality macro can be invoked either -->
               <!-- 1. by the Media Type macro, or            -->
               <!-- 2. when the user explicitly selects a PQ  -->
               <!--    setting from the Print Quality control -->
               <!-- ========================================= -->
               <macro>
                  <name>macro_PrintQualityGroup</name>
                  <switch>
                     <name>PrintQualityGroup</name>
                     <case>
                        <name>PQGroup_1</name>
                        <select_option>Resolution.600dpi</select_option>
                        <select_option>PrintQuality.Best</select_option>
						<select_option>HPRedEyeReduction.Off</select_option>
                        <select_option>HPSmartFocus.On</select_option>
                        <select_option>HPContrast.Off</select_option>
                        <select_option>HPDigitalFlash.On</select_option>
                        <select_option>HPSharpness.Off</select_option>
                        <select_option>HPSmoothing.Off</select_option>
                        <resource_id>3996</resource_id>
                        <resource_id>3996</resource_id>
                        <resource_id>1008</resource_id>
                     </case>
                     <case>
                        <name>PQGroup_2</name>
                        <select_option>Resolution.600dpi</select_option>
                        <select_option>PrintQuality.Normal</select_option>
						<select_option>HPRedEyeReduction.Off</select_option>
                        <select_option>HPSmartFocus.Off</select_option>
                        <select_option>HPContrast.On</select_option>
                        <select_option>HPDigitalFlash.On</select_option>
                        <select_option>HPSharpness.On</select_option>
                        <select_option>HPSmoothing.On</select_option>
                        <resource_id>3996</resource_id>
                        <resource_id>3996</resource_id>
                        <resource_id>968</resource_id>
                     </case>
                     <case>
                        <name>PQGroup_3</name>
                        <select_option>Resolution.300dpi</select_option>
                        <select_option>PrintQuality.FastDraft</select_option>
						<select_option>HPRedEyeReduction.Off</select_option>
                        <select_option>HPSmartFocus.Off</select_option>
                        <select_option>HPContrast.On</select_option>
                        <select_option>HPDigitalFlash.On</select_option>
                        <select_option>HPSharpness.On</select_option>
                        <select_option>HPSmoothing.On</select_option>
                        <resource_id>3995</resource_id>
                        <resource_id>3995</resource_id>
                        <resource_id>968</resource_id>
                     </case>
                     
                     <case>
                        <name>PQGroup_5</name>
                        <select_option>Resolution.1200dpi</select_option>
                        <select_option>PrintQuality.4800x1200</select_option>
						<select_option>HPRedEyeReduction.Off</select_option>
                        <select_option>HPSmartFocus.On</select_option>
                        <select_option>HPContrast.Off</select_option>
                        <select_option>HPDigitalFlash.On</select_option>
                        <select_option>HPSharpness.Off</select_option>
                        <select_option>HPSmoothing.Off</select_option>
                        <resource_id>3997</resource_id>
                        <resource_id>3997</resource_id>
                        <resource_id>3434</resource_id>
                     </case>
                  </switch>
               </macro>
               <!-- ========================================= -->
               <!--    Print Quality Import                   -->
               <!--   Mapping is as follows                   -->
               <!--   (a) Best         - PQGroup_1            -->
               <!--   (b) Normal       - PQGroup_2            -->
               <!--   (c) FastDraft         - PQGroup_3            -->
               <!--              -->
               <!--   (e) 4800x1200  - PQGroup_5            -->
               <!-- Print Quality options have single level   -->
               <!-- association only                          -->
               <!-- ========================================= -->
               <macro>
                  <name>macro_PrintQualityImport</name>
                  <switch>
                     <name>PrintQualityImport</name>
                     <case>
                        <name>Best</name>
                        <map_option>PQGroup_1</map_option>
                     </case>
                     <case>
                        <name>Normal</name>
                        <map_option>PQGroup_2</map_option>
                     </case>
                     <case>
                        <name>FastDraft</name>
                        <map_option>PQGroup_3</map_option>
                     </case>
                     
                     <case>
                        <name>4800x1200</name>
                        <map_option>PQGroup_5</map_option>
                     </case>
                  </switch>
                  <call>macro_PrintQualityGroup</call>
               </macro>
               <!-- ========================================= -->
               <!--    Print Quality Export                   -->
               <!--   Mapping is as follows                   -->
               <!--   (a) Best         - PQGroup_1            -->
               <!--   (b) Normal       - PQGroup_2            -->
               <!--   (c) FastDraft         - PQGroup_3            -->
               <!--   (d) FastNormal   - PQGroup_4            -->
               <!--   (e) 4800x1200  - PQGroup_5            -->
               <!-- Print Quality options have single level   -->
               <!-- association only                          -->
               <!-- ========================================= -->
               <macro>
                  <name>macro_PrintQualityExport</name>
                  <switch>
                     <name>PrintQualityExport</name>
                     <case>
                        <name>PQGroup_1</name>
                        <unmap_option>Best</unmap_option>
                     </case>
                     <case>
                        <name>PQGroup_2</name>
                        <unmap_option>Normal</unmap_option>
                     </case>
                     <case>
                        <name>PQGroup_3</name>
                        <unmap_option>FastDraft</unmap_option>
                     </case>
                     
                     <case>
                        <name>PQGroup_5</name>
                        <unmap_option>4800x1200</unmap_option>
                     </case>
                  </switch>
               </macro>
              <macro>
                    <name>macro_pop_up_4800_1200_warning</name>
                    <title>3356</title>
                    <string_id>4657</string_id>
                    <butt1>849</butt1>
                    <showpopup>MSG_BOX</showpopup>
                </macro>
              <macro>
                <name>macro_pop_up_CustomPaper</name>
                <title>876</title> 
                <icon>MB_ICONWARNING</icon>
                <string_id>4254</string_id>    
                <message_type>MB_OK</message_type>                                     
                <showpopup>MSG_BOX</showpopup>                     
              </macro>
              <macro>
                <name>macro_custom_size</name>
                <option_name>min_width.76200</option_name>
                <option_name>max_width.330200</option_name>
                <option_name>min_length.127000</option_name>
                <option_name>max_length.1270000</option_name>
              </macro>
              <macro>
                <name>macro_InstalledPenSet_Premium</name>
                <switch>
                    <name>HPInstalledPrintCartridges</name>
                    <case>
                        <name>BLACK</name>
                        <select_option>HPICCProfileName.PremiumPaperTricolorblack</select_option>
                    </case>
                    <case>
                        <name>PHOTO</name>
                        <select_option>HPICCProfileName.PremiumPaperTricolorphoto</select_option>
                    </case>
                    <case>
                        <name>PHOTOGRAY</name>
                        <select_option>HPICCProfileName.PremiumPaperTricolorgray</select_option>
                    </case>
                    <case_default>
                      <select_option>HPICCProfileName.sRGB</select_option>
                   </case_default>
                </switch>         
              </macro>
              <macro>
                <name>macro_InstalledPenSet_PremiumHighGloss</name>
                <switch>
                    <name>HPInstalledPrintCartridges</name>
                    <case>
                        <name>BLACK</name>
                        <select_option>HPICCProfileName.PremiumHighGlossTricolorblack</select_option>
                    </case>
                    <case>
                        <name>PHOTO</name>
                        <select_option>HPICCProfileName.PremiumHighGlossTricolorphoto</select_option>
                    </case>
                    <case>
                        <name>PHOTOGRAY</name>
                        <select_option>HPICCProfileName.PremiumHighGlossTricolorgray</select_option>
                    </case>
                    <case_default>
                      <select_option>HPICCProfileName.sRGB</select_option>
                   </case_default>
                </switch>         
              </macro>
              <macro>
                <name>macro_InstalledPenSet_PremiumPlusPhoto</name>
                <switch>
                    <name>HPInstalledPrintCartridges</name>
                    <case>
                        <name>BLACK</name>
                        <select_option>HPICCProfileName.PremiumPlusPhotoTricolorblack</select_option>
                    </case>
                    <case>
                        <name>PHOTO</name>
                        <select_option>HPICCProfileName.PremiumPlusPhotoTricolorphoto</select_option>
                    </case>
                    <case>
                        <name>PHOTOGRAY</name>
                        <select_option>HPICCProfileName.PremiumPlusPhotoTricolorgray</select_option>
                    </case>
                    <case_default>
                      <select_option>HPICCProfileName.sRGB</select_option>
                   </case_default>
                </switch>         
              </macro>
              <macro>
                <name>macro_ICCProfileFileName</name>
                <switch>
                    <name>MediaType</name>
                    <case>
                        <name>HP_PREM_INKJET_PAPER</name>
                        <call>macro_InstalledPenSet_Premium</call> 
                    </case>
                    <case>
                        <name>HP_PREMIUM_HIGH_GLOSS_FILM</name>
                        <call>macro_InstalledPenSet_PremiumHighGloss</call> 
                    </case>
                    <case>
                        <name>HP_PREMIUM_PLUS_PHOTO_PAPER</name>
                        <call>macro_InstalledPenSet_PremiumPlusPhoto</call> 
                    </case>
                    <case_default>
                      <select_option>HPICCProfileName.sRGB</select_option>
                   </case_default>
                </switch>
              </macro>
              <macro>
                <name>macro_pop_up_MinimizeMargin</name>
                <title>876</title> 
                <icon>MB_ICONWARNING</icon>
                <string_id>4213</string_id>    
                <message_type>MB_OKCANCEL</message_type>                                     
                <showpopup>MSG_BOX</showpopup>                     
              </macro>
              
            </macros>
            <presets>
                <presetenglish>
                    <name>Default Print Settings</name> 
                    <resource_id>3041</resource_id> 
                    <setting>MediaType.PLAIN</setting>
                    <setting>PaperSize.LETTER</setting>   
                    <setting>PrintQualityGroup.PQGroup_2</setting> 
                </presetenglish>
               
                
			<presetenglish>
            <name>Professional photo-quality printing</name>
            <resource_id>3354</resource_id>
            <setting>PaperSize.A4</setting>
            <setting>MediaType.HP_PREMIUM_PLUS_PHOTO_PAPER_GLOSSY</setting>
            <setting>PrintQualityGroup.PQGroup_1</setting>
            </presetenglish>
				 
		    <presetenglish>
            <name>Professional text or text with color printing</name>
            <resource_id>3371</resource_id>
            <setting>PaperSize.A4</setting>
            <setting>MediaType.AUTOMATIC</setting>
            <setting>PrintQualityGroup.PQGroup_2</setting>
            </presetenglish>
           
		    <presetenglish>
            <name>Draft text or text with color printing</name>
            <resource_id>3357</resource_id>
            <setting>PaperSize.A4</setting>
            <setting>MediaType.AUTOMATIC</setting>
            <setting>PrintQualityGroup.PQGroup_3</setting>
            </presetenglish>		 
		   
		    <presetenglish>
            <name>4x6-inch photo with white border</name>
            <resource_id>3364</resource_id>
            <setting>PaperSize.PHOTO_4X6_IN</setting>
            <setting>MediaType.HP_PREMIUM_PLUS_PHOTO_PAPER_GLOSSY</setting>
            <setting>PrintQualityGroup.PQGroup_1</setting>
            </presetenglish>		 
           
		    <presetenglish>
            <name>8.5x11-inch photo with white border</name>
            <resource_id>3366</resource_id>
            <setting>PaperSize.LETTER</setting>
            <setting>MediaType.HP_PREMIUM_PLUS_PHOTO_PAPER_GLOSSY</setting>
            <setting>PrintQualityGroup.PQGroup_1</setting>
            </presetenglish>
				
				 <presetjapanese>
                    <name>Default Print Settings</name> 
                    <resource_id>3041</resource_id> 
                    <setting>MediaType.PLAIN</setting>
                    <setting>PaperSize.LETTER</setting>   
					<setting>PrintQualityGroup.PQGroup_2</setting> 
                </presetjapanese>
                
                
			  <presetjapanese>
                <name>User Guide Print Settings</name>
                <resource_id>3042</resource_id>
                <setting>BookletTargetSize.LETTER</setting>
               <setting>MediaType.PLAIN</setting>
               <setting>PrintQualityGroup.PQGroup_2</setting>
               <setting>NUpChoice.TwoUp</setting>
               </presetjapanese>
              
			<presetjapanese>
            <name>Professional photo-quality printing</name>
            <resource_id>3354</resource_id>
            <setting>PaperSize.A4</setting>
            <setting>MediaType.HP_PREMIUM_PLUS_PHOTO_PAPER_GLOSSY</setting>
            <setting>PrintQualityGroup.PQGroup_1</setting>
            </presetjapanese>
				 
		    <presetjapanese>
            <name>Professional text or text with color printing</name>
            <resource_id>3371</resource_id>
            <setting>PaperSize.A4</setting>
            <setting>MediaType.AUTOMATIC</setting>
            <setting>PrintQualityGroup.PQGroup_2</setting>
            </presetjapanese>
            
			<presetjapanese>
            <name>Draft text or text with color printing</name>
            <resource_id>3357</resource_id>
            <setting>PaperSize.A4</setting>
            <setting>MediaType.AUTOMATIC</setting>
            <setting>PrintQualityGroup.PQGroup_3</setting>
            </presetjapanese>		 
		   
		    <presetjapanese>
            <name>4x6-inch photo with white border</name>
            <resource_id>3364</resource_id>
            <setting>PaperSize.PHOTO_4X6_IN</setting>
            <setting>MediaType.HP_PREMIUM_PLUS_PHOTO_PAPER_GLOSSY</setting>
            <setting>PrintQualityGroup.PQGroup_1</setting>
            </presetjapanese>		 
            
			<presetjapanese>
            <name>8.5x11-inch photo with white border</name>
            <resource_id>3366</resource_id>
            <setting>PaperSize.LETTER</setting>
            <setting>MediaType.HP_PREMIUM_PLUS_PHOTO_PAPER_GLOSSY</setting>
            <setting>PrintQualityGroup.PQGroup_1</setting>
            </presetjapanese>

			</presets>
            
			<!-- Start - Locale Specific Device Setting defaults =============== -->
            <DeviceSettings>
                <japanesesetting>
                    <setting>DuplexUnit.Installed</setting>
                </japanesesetting>
                <englishsetting>    
                    <setting>DuplexUnit.NotInstalled</setting>
                </englishsetting>   
            </DeviceSettings>
            <!-- End =============== -->
        <groups>
          <group>
            <groupname>PaperType</groupname>
            <resource_id>3152</resource_id>
            
            <subgroup>
              <subgroupname>Plain Papers</subgroupname>
              <resource_id>3126</resource_id>
              <name>PLAIN</name>
            </subgroup>
            
            <subgroup>
              <subgroupname>Inkjet Papers</subgroupname>
              <resource_id>3120</resource_id>
              <name>HP_BRIGHT_WHITE_INKJET_PAPER</name>
            </subgroup>
            
            <subgroup>
              <subgroupname>Photo Papers</subgroupname>
              <resource_id>3121</resource_id>
              <name>HP_PREMIUM_PLUS_PHOTO_PAPER_GLOSSY</name>
              <name>HP_PREMIUM_PLUS_PHOTO_PAPER_MATTE</name>
              <name>HP_PREMIUM_PHOTO_PAPER_GLOSSY</name>                     
              <name>HP_PHOTO_PAPER_GlOSSY</name>   
              <name>HP_PREMIUM_HIGH_GLOSS_FILM</name>
              <name>OTHER_PHOTO_PAPER</name>         
            </subgroup>
            
            <subgroup>
              <subgroupname>Transparency Films</subgroupname>
              <resource_id>3122</resource_id>
              <name>HP_PREMIUM_INKJET_TRANSPARENCY_FILM</name>
              <name>OTHER_TRANSPARENCY_FILM</name>
            </subgroup>
            
            <subgroup>
              <subgroupname>Greeting Cards</subgroupname>
              <resource_id>3124</resource_id>                 
              <name>HP_PHOTO_GREETING_CARDS</name>    
            </subgroup>
            
          </group>
        </groups>
           
  <DocUISettings>
          </DocUISettings>
      
	  <BorderlessSettings>
	  <Borderless>
               <Borderless_Paper>HP_BORDERLESS_PHOTO_4X6_IN</Borderless_Paper>
               <Paper>PHOTO_4X6_IN</Paper>
               <Overspray_Left>0.098</Overspray_Left>
               <Overspray_Right>0.118</Overspray_Right>
			   <Overspray_Top>0.051</Overspray_Top>
               <Overspray_Bottom>0.093</Overspray_Bottom>
         </Borderless>
         
         <Borderless>
               <Borderless_Paper>HP_BORDERLESS_PHOTO_4X6_IN_WT</Borderless_Paper>
               <Paper>PHOTO_4X6_IN_WT</Paper>
               <Overspray_Left>0.098</Overspray_Left>
               <Overspray_Right>0.118</Overspray_Right>
			   <Overspray_Top>0.051</Overspray_Top>
			   <Overspray_Bottom>0.093</Overspray_Bottom>
         </Borderless>
         <Borderless>
               <Borderless_Paper>HP_BORDERLESS_HAGAKI_CARD</Borderless_Paper>
               <Paper>HP_HAGAKI_CARD</Paper>
               <Overspray_Left>0.098</Overspray_Left>
               <Overspray_Right>0.118</Overspray_Right>
			   <Overspray_Top>0.051</Overspray_Top>
			   <Overspray_Bottom>0.093</Overspray_Bottom>
         </Borderless>
		 </BorderlessSettings>
      
     
    
   </helper>
  </component>
  </software>
</device>
